done,name,sort_by,hl,n_reviews,url,use,name_raw,n_reviews_max,state,region,overall_rating,stars
0,"Atlântico Center",newest,pt-br,-1,"https://www.google.com/maps/place/Atl%C3%A2ntico+Center/@-22.8988671,-43.1797619,15z/data=!4m2!3m1!1s0x0:0xcb0d68682790adde?sa=X&ved=2ahUKEwi8x-yYkbn7AhXZqZUCHVrtDS4Q_BJ6BAh8EAc",1,Atlântico Center,1382,RJ,SUDESTE,2.9,0
0,"Hotel Pirâmide",newest,pt-br,-1,"https://www.google.com/maps/place/Hotel+Pir%C3%A2mide/@-12.9763242,-38.4625446,15z/data=!4m2!3m1!1s0x0:0xd7dcb01eac806d59?sa=X&ved=2ahUKEwiEqOqj77j7AhVApJUCHRfeBNAQ_BJ6BAhoEAc",1,Hotel Pirâmide,2464,BA,NORDESTE,3.4,2
0,"Caravelle Palace Hotel",newest,pt-br,-1,"https://www.google.com/maps/place/Caravelle+Palace+Hotel/@-25.4303231,-49.2754187,15z/data=!4m2!3m1!1s0x0:0x46c9e8944e610e0a?sa=X&ved=2ahUKEwj-otTmkbn7AhX4GLkGHUE9BLwQ_BJ6BAh_EAc",1,Caravelle Palace Hotel,3180,PR,SUL,3.6,4
0,"Taj Mahal Continental Hotel",newest,pt-br,-1,"https://www.google.com/maps/place/Taj+Mahal+Continental+Hotel/@-3.1304108,-60.0208869,15z/data=!4m8!3m7!1s0x0:0x1735c41b4114de3!5m2!4m1!1i2!8m2!3d-3.1304034!4d-60.0208437",1,Taj Mahal Continental Hotel,1841,AM,NORTE,3.7,5
0,"Atlantic Hotel Copacabana",newest,pt-br,-1,"https://www.google.com/maps/place/Atlantic+Hotel+Copacabana/@-22.976747,-43.1984145,15z/data=!4m15!1m6!2m5!1sAtlantic+Hotel+Copacabana!5m3!5m2!1s2022-11-28!2i5!3m7!1s0x9bd55a45ed7abb:0xc6bf79907daf138b!5m4!1s2022-11-28!2i5!4m1!1i2!15sChlBdGxhbnRpYyBIb3RlbCBDb3BhY2FiYW5hWhsiGWF0bGFudGljIGhvdGVsIGNvcGFjYWJhbmGSAQVob3RlbOABAA",1,Atlantic Hotel Copacabana,4860,RJ,SUDESTE,3.7,2
0,"Hotel Express",newest,pt-br,-1,"https://www.google.com/maps/place/Hotel+Express/@-15.6487472,-56.1231841,15z/data=!4m8!3m7!1s0x0:0x973b70772551b05c!5m2!4m1!1i2!8m2!3d-15.6487472!4d-56.1231841",1,Hotel Express,1233,MT,CENTRO-OESTE,3.9,2
0,"Fast Sleep",newest,pt-br,-1,"https://www.google.com/maps/place/Fast+Sleep/@-23.4261833,-46.4822796,15z/data=!4m10!3m9!1s0x0:0x7c4d74ff3eb8f085!5m4!1s2022-11-28!2i5!4m1!1i2!8m2!3d-23.4261833!4d-46.4822796",1,Fast Sleep,3168,SP,SUDESTE,3.9,2
0,"Guarany Hotel Express",newest,pt-br,-1,"https://www.google.com/maps/place/Guarany+Hotel+Express/@-7.1231348,-34.8829161,15z/data=!4m8!3m7!1s0x0:0xb47c04c354412853!5m2!4m1!1i2!8m2!3d-7.1231364!4d-34.8829167",1,Guarany Hotel Express,1127,PB,NORDESTE,4,3
0,"Resort do Lago",newest,pt-br,-1,"https://www.google.com/maps/place/Resort+do+Lago/@-17.7737884,-48.5782022,15z/data=!4m2!3m1!1s0x0:0x5ff1a96d0db38477?sa=X&ved=2ahUKEwj2y8Gr67j7AhUVrJUCHfzgDzEQ_BJ6BAhoEAc",1,Resort do Lago,6124,GO,CENTRO-OESTE,4,2
0,"Hotel Stop Inn Plus Pampulha - By MHB",newest,pt-br,-1,"https://www.google.com/maps/place/Hotel+Stop+Inn+Plus+Pampulha+-+By+MHB/@-19.8614622,-43.9711211,15z/data=!4m2!3m1!1s0x0:0xadf306fc99d189d1?sa=X&ved=2ahUKEwiN4raXkrn7AhU_IrkGHTuuAZwQ_BJ6BAhfEAc",1,Hotel Stop Inn Plus Pampulha - By MHB,1744,MG,SUDESTE,4.1,4
0,"Hotel Privê do Atalaia",newest,pt-br,-1,"https://www.google.com/maps/place/Hotel+Priv%C3%AA+do+Atalaia/@-0.5956933,-47.3121195,15z/data=!4m8!3m7!1s0x0:0xe5541e6c5824a455!5m2!4m1!1i2!8m2!3d-0.5956933!4d-47.3121195",1,Hotel Privê do Atalaia,1990,PA,NORTE,4.1,4
0,"Hotel Soft Inn Belém Batista Campos",newest,pt-br,-1,"https://www.google.com/maps/place/Hotel+Soft+Inn+Bel%C3%A9m+Batista+Campos/@-1.4574981,-48.4914286,15z/data=!4m10!3m9!1s0x0:0x1c79f98eaa6551f0!5m4!1s2022-11-28!2i5!4m1!1i2!8m2!3d-1.4574981!4d-48.4914286",1,Hotel Soft Inn Belém Batista Campos,2541,PA,NORTE,4.1,2
0,"Golden Dolphin Grand Hotel - Central de Reservas",newest,pt-br,-1,"https://www.google.com/maps/place/Golden+Dolphin+Grand+Hotel+-+Central+de+Reservas/@-17.7349736,-48.6362711,15z/data=!4m2!3m1!1s0x0:0x4de052b31b353181?sa=X&ved=2ahUKEwjrsNjb77j7AhU5iJUCHdkLCD8Q_BJ6BAhnEAc",1,Golden Dolphin Grand Hotel - Central de Reservas,9616,GO,CENTRO-OESTE,4.1,3
0,"hotel Umuarama",newest,pt-br,-1,"https://www.google.com/maps/place/Umuarama+Plaza+Hotel/@-16.6730459,-49.2593142,17z/data=!3m1!4b1!4m10!3m9!1s0x935ef3d8bd038295:0x1d2da5ce1f837af0!5m4!1s2022-11-28!2i5!4m1!1i2!8m2!3d-16.6730459!4d-49.2571255",1,hotel Umuarama,2474,SP,SUDESTE,4.2,3
0,"ibis budget Manaus",newest,pt-br,-1,"https://www.google.com/maps/place/ibis+budget+Manaus/@-3.099215,-60.0244972,15z/data=!4m2!3m1!1s0x0:0x5e39eb599a8868da?sa=X&ved=2ahUKEwiYmvSg6rj7AhUqqpUCHTG6CnMQ_BJ6BAh2EAc",1,ibis budget Manaus,2776,AM,NORTE,4.2,2
0,"Recife Praia Hotel",newest,pt-br,-1,"https://www.google.com/maps/place/Recife+Praia+Hotel/@-8.0913782,-34.8822822,15z/data=!4m2!3m1!1s0x0:0xc755f2ddd733dc15?sa=X&ved=2ahUKEwipmLjZ04H7AhUIr5UCHSUXA7IQ_BJ6BAhYEAU",1,Recife Praia Hotel,7478,PE,NORDESTE,4.2,3
0,"Posseidon Hotel",newest,pt-br,-1,"https://www.google.com/maps/place/Posseidon+Hotel/@-5.5256689,-47.4773761,15z/data=!4m2!3m1!1s0x0:0x5c40013cb556cc81?sa=X&ved=2ahUKEwjjzfPX6Iv7AhVBLrkGHQ9YA94Q_BJ6BAhNEAU",1,Posseidon Hotel,1291,MA,NORDESTE,4.3,3
0,"Atlântico Inn Apart Hotel",newest,pt-br,-1,"https://www.google.com/maps/place/Atl%C3%A2ntico+Inn+Apart+Hotel/@-23.9664554,-46.3300141,15z/data=!4m2!3m1!1s0x0:0x72a1063f1eb9c819?sa=X&ved=2ahUKEwi69MH604H7AhVEQ7gEHRY_CNwQ_BJ6BAhvEAU",1,Atlântico Inn Apart Hotel,1429,SP,SUDESTE,4.3,3
0,"Hotel Express Vieiralves",newest,pt-br,-1,"https://www.google.com/maps/place/Hotel+Express+Vieiralves/@-3.1028065,-60.0233718,15z/data=!4m2!3m1!1s0x0:0x1845e85c57c87070?sa=X&ved=2ahUKEwjKoIrD57j7AhUvqpUCHZAJCuMQ_BJ6BAhsEAc",1,Hotel Express Vieiralves,3023,AM,NORTE,4.3,2
0,"Prive Riviera Park Hotel",newest,pt-br,-1,"https://www.google.com/maps/place/Prive+Riviera+Park+Hotel/@-17.7397774,-48.6309201,15z/data=!4m2!3m1!1s0x0:0x477a628957bc71ec?sa=X&ved=2ahUKEwj06KbQ8Lj7AhW5rpUCHXFKBz8Q_BJ6BAhEEAc",1,Prive Riviera Park Hotel,11343,GO,CENTRO-OESTE,4.3,4
0,"Céu Palmas Hotel",newest,pt-br,-1,"https://www.google.com/maps/place/C%C3%A9u+Palmas+Hotel/@-10.1958674,-48.3342524,15z/data=!4m2!3m1!1s0x0:0x75bff227c9aad85a?sa=X&ved=2ahUKEwjN1pS86Iv7AhUMNrkGHeG9B8EQ_BJ6BAhzEAU",1,Céu Palmas Hotel,1057,TO,NORTE,4.4,4
0,"Boa Vista Eco Hotel",newest,pt-br,-1,"https://www.google.com/maps/place/Boa+Vista+Eco+Hotel/@2.8172,-60.6839,15z/data=!4m2!3m1!1s0x0:0x44641140201ca772?sa=X&ved=2ahUKEwi3kfml6Lj7AhWUpJUCHQ8CBbMQ_BJ6BAh1EAc",1,Boa Vista Eco Hotel,1132,RR,NORTE,4.4,2
0,"Quality Suites Natal Ponta Negra",newest,pt-br,-1,"https://www.google.com/maps/place/Quality+Suites+Natal+Ponta+Negra/@-5.8790609,-35.1759384,15z/data=!4m2!3m1!1s0x0:0x8f6b102f1cf24c1b?sa=X&ved=2ahUKEwjMk4ui5rj7AhXVAdQKHUggBp0Q_BJ6BAh0EAc",1,Quality Suites Natal Ponta Negra,2644,RN,NORDESTE,4.4,2
0,"Hotel Fazenda Mato Grosso",newest,pt-br,-1,"https://www.google.com/maps/place/Hotel+Fazenda+Mato+Grosso/@-15.634501,-56.0651462,15z/data=!4m2!3m1!1s0x0:0xc806433d9fe80c69?sa=X&ved=2ahUKEwiTn9bM04H7AhUfqpUCHcdtBRkQ_BJ6BAhbEAU",1,Hotel Fazenda Mato Grosso,4912,MT,CENTRO-OESTE,4.4,3
0,"Dayrell Hotel & Centro de Convenções",newest,pt-br,-1,"https://www.google.com/maps/place/Dayrell+Hotel+%26+Centro+de+Conven%C3%A7%C3%B5es/@-19.9226831,-43.9380446,15z/data=!4m2!3m1!1s0x0:0x306b13bf5155c60c?sa=X&ved=2ahUKEwjOkqzA04H7AhVqmZUCHeDzCAQQ_BJ6BAhbEAU",1,Dayrell Hotel & Centro de Convenções,5962,MG,SUDESTE,4.4,4
0,"Marina Park Hotel",newest,pt-br,-1,"https://www.google.com/maps/place/Marina+Park+Hotel/@-3.7197589,-38.5298211,15z/data=!4m2!3m1!1s0x0:0xf1e876b36bb97f14?sa=X&ved=2ahUKEwixnMOs8bj7AhUopZUCHSpbBZ0Q_BJ6BAhZEAc",1,Marina Park Hotel,7325,CE,NORDESTE,4.4,5
0,"Larison Hotéis",newest,pt-br,-1,"https://www.google.com/maps/place/Larison+Hot%C3%A9is/@-8.7619631,-63.9053969,15z/data=!4m2!3m1!1s0x0:0x28fc6dc421d3b938?sa=X&ved=2ahUKEwiYqbPPkbn7AhXlqZUCHUp_CuUQ_BJ6BAhyEAc",1,Larison Hotéis,1475,RO,NORTE,4.5,4
0,"Hotel Golden Ingá",newest,pt-br,-1,"https://www.google.com/maps/place/Hotel+Golden+Ing%C3%A1/@-23.422686,-51.9370709,15z/data=!4m10!3m9!1s0x0:0x6f384800578199cb!5m4!1s2022-11-28!2i5!4m1!1i2!8m2!3d-23.4226734!4d-51.9370706",1,Hotel Golden Ingá,1983,PR,SUL,4.5,3
0,"Wyndham Gramado Termas Resort & Spa",newest,pt-br,-1,"https://www.google.com/maps/place/Wyndham+Gramado+Termas+Resort+%26+Spa/@-29.3894319,-50.9293029,15z/data=!4m2!3m1!1s0x0:0xbb155218c85a52de?sa=X&ved=2ahUKEwik4q_f6rj7AhV0uJUCHdCkDMQQ_BJ6BAheEAg",1,Wyndham Gramado Termas Resort & Spa,3307,RS,SUL,4.5,5
0,"Ritz Suites Hotel",newest,pt-br,-1,"https://www.google.com/maps/place/Ritz+Suites+Hotel/@-9.6325168,-35.6973354,15z/data=!4m8!3m7!1s0x0:0xe60de3925a086134!5m2!4m1!1i2!8m2!3d-9.6325168!4d-35.6973354",1,Ritz Suites Hotel,6628,AL,NORDESTE,4.5,4
0,"Hotel Costa Norte - Ingleses",newest,pt-br,-1,"https://www.google.com/maps/place/Hotel+Costa+Norte+-+Ingleses/@-27.4289943,-48.398031,15z/data=!4m10!3m9!1s0x0:0xecdacd0a9c8f6360!5m4!1s2022-11-28!2i5!4m1!1i2!8m2!3d-27.4289943!4d-48.398031",1,Hotel Costa Norte - Ingleses,1024,SC,SUL,4.6,4
0,"Grande Hotel Ipatinga",newest,pt-br,-1,"https://www.google.com/maps/place/Grande+Hotel+Ipatinga/@-19.4736063,-42.5504427,15z/data=!4m2!3m1!1s0x0:0x7e6468726a517be6?sa=X&ved=2ahUKEwil7aWvjrn7AhVlL7kGHRkpC88Q_BJ6BAhbEAc",1,Grande Hotel Ipatinga,1269,MG,SUDESTE,4.6,5
0,"Atrium Quinta de Pedras",newest,pt-br,-1,"https://www.google.com/maps/place/Atrium+Quinta+de+Pedras/@-1.46319,-48.50421,15z/data=!4m2!3m1!1s0x0:0x66dc9a457771e065?sa=X&ved=2ahUKEwj5zrP0j7n7AhXfHbkGHf2FC58Q_BJ6BAh2EAc",1,Atrium Quinta de Pedras,1375,PA,NORTE,4.6,5
0,"Grand Park Hotel",newest,pt-br,-1,"https://www.google.com/maps/place/Grand+Park+Hotel/@-20.4591627,-54.5877002,17z/data=!3m1!4b1!4m10!3m9!1s0x9486e8c031373855:0xe650034e2c6e5a83!5m4!1s2022-11-28!2i5!4m1!1i2!8m2!3d-20.4591766!4d-54.5855046",1,Grand Park Hotel,2281,MS,CENTRO-OESTE,4.6,4
0,"Castro's Park Hotel",newest,pt-br,-1,"https://www.google.com/maps/place/Castro's+Park+Hotel/@-16.679418,-49.2676579,15z/data=!4m8!3m7!1s0x0:0xe79dd97bb706e727!5m2!4m1!1i2!8m2!3d-16.679418!4d-49.2676579",1,Castro's Park Hotel,3222,GO,CENTRO-OESTE,4.6,5
0,"Wish Hotel da Bahia",newest,pt-br,-1,"https://www.google.com/maps/place/Wish+Hotel+da+Bahia/@-12.9878124,-38.5215719,15z/data=!4m2!3m1!1s0x0:0xe0fe346e4557f9ee?sa=X&ved=2ahUKEwjl6JjMnIj7AhVHCbkGHaHaCsEQ_BJ6BAhoEAU",1,Wish Hotel da Bahia,7586,BA,NORDESTE,4.6,3
0,"Costa do Sauípe - Premium Sol",newest,pt-br,-1,"https://www.google.com/maps/place/Costa+do+Sau%C3%ADpe+-+Premium+Sol/@-12.4434916,-37.9239088,15z/data=!4m2!3m1!1s0x0:0xea14fb622f1ec07b?sa=X&ved=2ahUKEwiF8pqN7bj7AhXbrZUCHYEdDKoQ_BJ6BAhzEAc",1,Costa do Sauípe - Premium Sol,23733,BA,NORDESTE,4.6,4
0,"Aroso Paço Hotel",newest,pt-br,-1,"https://www.google.com/maps/place/Aroso+Pa%C3%A7o+Hotel/@-20.379597,-41.0211451,15z/data=!4m2!3m1!1s0x0:0xfebbe61e81d2bc2d?sa=X&ved=2ahUKEwiW0eTn6Yv7AhWUAtQKHeLqAcoQ_BJ6BAhsEAU",1,Aroso Paço Hotel,1105,ES,SUDESTE,4.7,5
0,"Bourbon Cataratas do Iguaçu Thermas Eco Resort",newest,pt-br,-1,"https://www.google.com/maps/place/Bourbon+Cataratas+do+Igua%C3%A7u+Thermas+Eco+Resort/@-25.5598719,-54.5594972,15z/data=!4m2!3m1!1s0x0:0xb506722d39c9d7af?sa=X&ved=2ahUKEwjm2YjNj7n7AhW9H7kGHSwOAPYQ_BJ6BAhbEAc",1,Bourbon Cataratas do Iguaçu Thermas Eco Resort,4785,PR,SUL,4.7,4
0,"Blue Tree Thermas de Lins",newest,pt-br,-1,"https://www.google.com/maps/place/Blue+Tree+Thermas+de+Lins/@-21.691428,-49.7597883,15z/data=!4m10!3m9!1s0x0:0x8f751fa40ffc0685!5m4!1s2022-11-28!2i5!4m1!1i2!8m2!3d-21.691428!4d-49.7597883",1,Blue Tree Thermas de Lins,4840,SP,SUDESTE,4.7,4
0,"Royal Tulip Brasília Alvorada",newest,pt-br,-1,"https://www.google.com/maps/place/Royal+Tulip+Bras%C3%ADlia+Alvorada/@-15.7868549,-47.8289996,15z/data=!4m2!3m1!1s0x0:0xb49be66b2572c9e?sa=X&ved=2ahUKEwjvvvq304H7AhWwr5UCHdAcAFMQ_BJ6BAhJEAU",1,Royal Tulip Brasília Alvorada,6050,DF,CENTRO-OESTE,4.7,5
0,"Hotel Jequitimar Guarujá Resort & SPA by Accor",newest,pt-br,-1,"https://www.google.com/maps/place/Sofitel+Guaruj%C3%A1+Jequitimar/@-23.9691305,-46.1865023,15z/data=!4m2!3m1!1s0x0:0x99b033e8664e9923?sa=X&ved=2ahUKEwje-pfOloj7AhUhNrkGHYGoA0EQ_BJ6BAhYEAU",1,Hotel Jequitimar Guarujá Resort & SPA by Accor,7858,SP,SUDESTE,4.7,5
0,"Tauá Resort Caeté",newest,pt-br,-1,"https://www.google.com/maps/place/Tau%C3%A1+Resort+Caet%C3%A9/@-19.7681922,-43.6263427,15z/data=!4m10!3m9!1s0x0:0x150658873652c8a7!5m4!1s2022-11-28!2i5!4m1!1i2!8m2!3d-19.7681922!4d-43.6263427",1,Tauá Resort Caeté,8148,MG,SUDESTE,4.7,3
0,"Acqua Lokos",newest,pt-br,-1,"https://www.google.com/maps/place/Acqua+Lokos/@-29.6258482,-49.9614108,15z/data=!4m2!3m1!1s0x0:0x33ff2485084d3a66?sa=X&ved=2ahUKEwiwlYSInIj7AhXSB7kGHb3MC4cQ_BJ6BAhiEAU",1,Acqua Lokos,8180,RS,SUL,4.7,3
1,"Grand Palladium Imbassaí Resort & Spa",most_relevant,pt-br,-1,"https://www.google.com/maps/place/Grand+Palladium+Imbassa%C3%AD+Resort+%26+Spa/@-12.482398,-37.955948,15z/data=!4m8!3m7!1s0x0:0x3561ce40afc90d07!5m2!4m1!1i2!8m2!3d-12.482398!4d-37.955948",1,Grand Palladium Imbassaí Resort & Spa,18073,BA,NORDESTE,4.7,5
0,"Costão do Santinho Resort",newest,pt-br,-1,"https://www.google.com/maps/place/Cost%C3%A3o+do+Santinho+Resort/@-27.4647403,-48.3812428,15z/data=!4m2!3m1!1s0x0:0x2c83286b14a0171c?sa=X&ved=2ahUKEwiH1v7A7Lj7AhURNTUKHWVCAYoQ_BJ6BAhlEAc",1,Costão do Santinho Resort,20742,SC,SUL,4.7,4
1,"Copacabana Palace",newest,pt-br,-1,"https://www.google.com/maps/place/Copacabana+Palace,+A+Belmond+Hotel,+Rio+de+Janeiro/@-22.9673111,-43.1789541,15z/data=!4m2!3m1!1s0x0:0xef2e5118ccad88ae?sa=X&ved=2ahUKEwiDydji7Lj7AhXyppUCHdV2DusQ_BJ6BAhuEAc",1,Copacabana Palace,21595,RJ,SUDESTE,4.7,5
0,"Wish Foz do Iguaçu",newest,pt-br,-1,"https://www.google.com/maps/place/Wish+Foz+do+Igua%C3%A7u/@-25.5805632,-54.5199289,15z/data=!4m2!3m1!1s0x0:0x5184a33ad6f56899?sa=X&ved=2ahUKEwi3k9Ox04H7AhULjZUCHVH_Ac4Q_BJ6BAhtEAU",1,Wish Foz do Iguaçu,5184,PR,SUL,4.8,5
0,"Vivá Porto De Galinhas Resort",newest,pt-br,-1,"https://www.google.com/maps/place/Viv%C3%A1+Porto+De+Galinhas+Resort/@-8.4657705,-34.9923801,15z/data=!4m2!3m1!1s0x0:0xe57e90947e12e5b6?sa=X&ved=2ahUKEwiRisTG04H7AhXmlJUCHaKgB9EQ_BJ6BQiQARAF",1,Vivá Porto De Galinhas Resort,5723,PE,NORDESTE,4.8,4
0,"Hotel Fioreze Quero Quero",newest,pt-br,-1,"https://www.google.com/maps/place/Hotel+Fioreze+Quero+Quero/@-29.3643217,-50.8615632,15z/data=!4m2!3m1!1s0x0:0x8b78c5dbae7055dd?sa=X&ved=2ahUKEwj7o86t7rj7AhWDpZUCHZRTDoEQ_BJ6BAhrEAc",1,Hotel Fioreze Quero Quero,1841,RS,SUL,4.9,3